barcode,name,category,quantity,price,mrp,unit,brand,badge,image
30,Surf Excel Easy Wash Detergent,Home Care,50,165,185,1 kg,,Laundry,/products/catalog/cleaning_essentials/dsh_ecbb246d3258.webp
31,Lizol Disinfectant Floor Cleaner,Home Care,50,199,225,975 ml,,Disinfectant,/products/catalog/cleaning_essentials/dsh_e335bfafd638.webp
32,Harpic Power Toilet Cleaner,Home Care,50,98,110,500 ml,,Bathroom,/products/catalog/cleaning_essentials/dsh_e8291bb52b3e.webp
33,Good Knight Gold Flash Refill,Home Care,50,85,95,45 ml,,Mosquito Free,/products/catalog/cleaning_essentials/dsh_0e09163989f1.webp
34,Odonil Room Air Freshener,Home Care,50,75,85,48 g,,Fresh Home,/products/catalog/cleaning_essentials/dsh_e1597318ce18.webp
35,Vim Dishwash Gel Lemon,Kitchen Care,50,115,130,500 ml,,Bestseller,/products/catalog/cleaning_essentials/dsh_7a53cc7827e8.webp
36,Scotch-Brite Scrub Pad,Kitchen Care,50,45,55,3 pcs,,Essential,/products/catalog/cleaning_essentials/dsh_52f2971bd2cc.webp
37,Home Foil Aluminium Wrap,Kitchen Care,50,99,115,9 m,,Kitchen,/products/catalog/home_furnishing_decor/dsh_812e743c7a21.webp
38,Origami Kitchen Tissue Roll,Kitchen Care,50,80,95,2 rolls,,Handy,/products/catalog/home_furnishing_decor/dsh_8e60496b6378.webp
39,Garbage Bags Medium,Kitchen Care,50,99,120,30 pcs,,Value Pack,/products/catalog/cleaning_essentials/dsh_131ef1b39dc8.webp
40,Fresh Onion,Vegetables,50,35,45,1 kg,,Daily Staple,/products/catalog/vegetables_fruits/dsh_623e3f0f3299.webp
41,Fresh Potato,Vegetables,50,32,40,1 kg,,Daily Staple,/products/catalog/vegetables_fruits/dsh_d2f0077c42b9.webp
42,Fresh Tomato,Vegetables,50,25,32,500 g,,Farm Fresh,/products/catalog/vegetables_fruits/dsh_3815336e8e85.webp
43,Kashmiri Haakh Greens,Vegetables,50,30,35,250 g,,Local Favourite,/products/catalog/vegetables_fruits/dsh_ff4ccecd27c5.webp
44,Green Capsicum,Vegetables,50,28,35,250 g,,Farm Fresh,/products/catalog/vegetables_fruits/dsh_ebb4124f3d5d.webp
45,Coriander & Green Chilli Combo,Vegetables,50,20,25,1 pack,,Tadka Pack,/products/catalog/vegetables_fruits/dsh_c7d30c7065d0.webp
4,Fresh Kashmiri Red Apples,Fresh Fruits,50,140,170,1 kg,,Orchard Fresh,/products/catalog/vegetables_fruits/dsh_30b889a20ff7.webp
2,Fresh Tender Green Coconut,Fresh Fruits,50,90,108,1 pc,,Fresh Produce,/products/catalog/cold_drinks_juices/dsh_37452daf08a3.webp
46,Fresh Bananas,Fresh Fruits,50,45,55,6 pcs,,Everyday,/products/catalog/vegetables_fruits/dsh_eedf977f633d.webp
47,Nagpur Sweet Oranges,Fresh Fruits,50,90,110,1 kg,,Juicy,/products/catalog/vegetables_fruits/dsh_7e2eba0f0c83.webp
48,Kashmiri Cherries,Fresh Fruits,50,150,180,250 g,,Seasonal,/products/catalog/dry_fruits_masala_oil/dsh_fdcdda46c1db.webp
49,Seedless Green Grapes,Fresh Fruits,50,75,90,500 g,,Sweet,/products/catalog/vegetables_fruits/dsh_1a55bfc45d52.webp
50,Fresh Chicken Curry Cut,Chicken,50,160,190,500 g,,Bestseller,/products/catalog/chicken_meat_fish/dsh_6377ab70ba0c.webp
51,Boneless Chicken Breast,Chicken,50,220,260,450 g,,High Protein,/products/catalog/chicken_meat_fish/dsh_0e85cb76e5d9.webp
52,Chicken Seekh Kebab,Chicken,50,185,210,250 g,,Ready to Cook,/products/catalog/chicken_meat_fish/dsh_5c11c87449bf.webp
53,Whole Chicken Skinless,Chicken,50,230,270,1 kg,,Farm Fresh,/products/catalog/chicken_meat_fish/dsh_6377ab70ba0c.webp
1,Amul Gold Full Cream Milk,Dairy,50,36,38,500 ml,,Full Cream,/products/catalog/dairy_breakfast/dsh_3452dfc18e6f.webp
3,Mother Dairy Classic Curd,Dairy,50,35,38,390 g,,Bestseller,/products/catalog/dairy_breakfast/dsh_6d2dfca99aa3.webp
11,Amul Butter Salted,Dairy,50,58,60,100 g,,Bestseller,/products/catalog/dairy_breakfast/dsh_99300ca80e75.webp
54,Farm Fresh Eggs,Dairy,50,48,55,6 pcs,,Daily Staple,/products/catalog/dairy_breakfast/dsh_c937440a65c6.webp
55,Amul Fresh Paneer,Dairy,50,95,105,200 g,,Fresh,/products/catalog/dairy_breakfast/dsh_5947912deaa4.webp
56,Amul Cheese Slices,Dairy,50,85,95,100 g,,Breakfast,/products/catalog/dairy_breakfast/dsh_c59f288321f7.webp
